label,Temperature,humidity,soil moisture, area,Production
rice,36,35,45,1254,2000
rice,37,40,46,2,1
rice,36,41,50,102,321
rice,37,42,55,176,641
rice,36,40,54,720,165
rice,34,45,52,18168,65100000
rice,34,55,62,36,100
rice,35,50,59,1,2
rice,25,55,55,5,15
rice,36,35,45,40,169
rice,37,40,46,1254,2061
rice,36,41,50,2,1
rice,37,42,55,83,300
rice,36,40,54,719,192
rice,34,45,52,18190,64430000
rice,34,55,62,46,100
rice,35,50,59,1,1
rice,25,55,55,11,33
rice,36,35,45,189.2,510.84
rice,37,40,46,1258,2083
rice,36,41,50,213,1278
rice,37,42,55,63,13.5
rice,36,40,54,719,208
rice,34,45,52,18240,67490000
rice,34,55,62,413,28.8
rice,35,50,59,47.3,133
rice,25,55,55,5,40
rice,36,35,45,52,90.17
rice,37,40,46,1261,1525
rice,36,41,50,266,1763
rice,37,42,55,75.5,15.86
rice,36,40,54,717,208.5
rice,34,45,52,18284.74,68580000
rice,34,55,62,60,102
rice,35,50,59,102,326.4
rice,25,55,55,4.2,0.3
rice,36,35,45,52.94,72.57
rice,37,40,46,1264.7,805.85
rice,36,41,50,66.42,404.12
rice,37,42,55,85,15.86
rice,36,40,54,683.5,197.9
rice,34,45,52,18394.7,52380000
rice,34,55,62,60,145.2
rice,35,50,59,118,366
rice,25,55,55,1,0.11
rice,36,35,45,2.09,12.06
rice,37,40,46,795.67,
rice,36,41,50,22,582
rice,37,42,55,41,0.1
rice,36,40,54,450,55.8
rice,34,45,52,13876.57,52030000
rice,34,55,62,17,
rice,35,50,59,10,70
rice,25,55,55,896,477.6
rice,36,35,45,198,976
rice,37,40,46,22.16,0.68
rice,36,41,50,450,85.13
rice,37,42,55,14358,59370000
rice,36,40,54,3,9
rice,34,45,52,6,21
rice,34,55,62,0.2,0.5
rice,35,50,59,18,86
rice,25,55,55,52.03,450
rice,36,35,45,2.5,1.03
rice,37,40,46,3.5,10
rice,36,41,50,13.4,41.75
rice,37,42,55,944,1610
rice,36,40,54,23,8.5
rice,34,45,52,1000.5,260.5
rice,34,55,62,12,25
rice,35,50,59,7,9.64
rice,25,55,55,3.84,18.22
rice,36,35,45,1.5,1.1
rice,37,40,46,22,208
rice,36,41,50,2,0.5
rice,37,42,55,1.5,1.16
rice,36,40,54,593,3425
rice,34,45,52,14560,71300000
rice,34,55,62,69,575
rice,35,50,59,3100,5200
rice,25,55,55,668,448
rice,36,35,45,10779,31863
rice,37,40,46,1531,12073
rice,36,41,50,80,54
rice,37,42,55,6992,23900000
rice,36,40,54,352,1120
rice,34,45,52,133,55
rice,34,55,62,141,3736
rice,35,50,59,78,843
rice,25,55,55,160,2108
rice,36,35,45,3100,5239
rice,37,40,46,418,199
rice,36,41,50,9718,27033
rice,37,42,55,81,33
rice,36,40,54,7015,25250000
rice,34,45,52,344,1124
rice,34,55,62,81,2379
rice,35,50,59,100,5
rice,25,55,55,6854.3,18995.62
rice,36,35,45,1160,3011.7
maize,37,40,46,957.57,8582
maize,36,41,50,175,191.14
maize,37,42,55,40.5,44
maize,36,40,54,3575,15400000
maize,34,45,52,235.72,824.3
maize,34,55,62,98.66,929
maize,35,50,59,35.62,21.4
maize,25,55,55,71.3,1500
maize,36,35,45,30,240
maize,37,40,46,255,1420
maize,36,41,50,68,408
maize,37,42,55,6791,20118
maize,36,40,54,73.33,889.2
maize,34,45,52,1296,2290
maize,34,55,62,294.5,90.8
maize,35,50,59,168,13.5
maize,25,55,55,84.5,39
maize,36,35,45,254,402
maize,37,40,46,110,1011.84
maize,36,41,50,4.75,6.8
maize,37,42,55,86.7,96.4
maize,36,40,54,1168.6,556.55
maize,34,45,52,2.9,1.9
maize,34,55,62,109,480
maize,35,50,59,68,376.5
maize,25,55,55,1059.5,458.79
maize,36,35,45,657,7968
maize,37,40,46,3668,12700000
maize,36,41,50,186.5,1355
maize,37,42,55,10695.8,31600.82
maize,36,40,54,3105,5267
maize,34,45,52,1524,10882
maize,34,55,62,487,102.5
maize,35,50,59,81,24
maize,25,55,55,7060,26830000
maize,36,35,45,239,20.9
maize,37,40,46,352,1145
maize,36,41,50,85.1,40.31
maize,37,42,55,455,13760
maize,36,40,54,10509.37,30760.7
maize,34,45,52,3118,5182
maize,34,55,62,1530,11558
maize,35,50,59,497,104.37
maize,25,55,55,116.5,26.14
maize,36,35,45,7110,26660000
maize,37,40,46,340,578
maize,36,41,50,406,1299.2
maize,37,42,55,82.09,35.51
maize,36,40,54,268,2879.52
maize,34,45,52,10681.98,29119.66
maize,34,55,62,3160.67,3975.2
maize,35,50,59,1912.1,17374.4
maize,25,55,55,570,104.36
maize,36,35,45,116.5,25.1
maize,37,40,46,7156.7,34750000
maize,36,41,50,340,822.8
maize,37,42,55,410,1462
maize,36,40,54,89.3,46.5
maize,34,45,52,145.26,1560
maize,34,55,62,8683.38,25870.98
maize,35,50,59,3250.78,3058.46
maize,25,55,55,1656.8,10251.13
maize,36,35,45,656.45,35.95
maize,37,40,46,118.5,30.22
maize,36,41,50,7050.45,26430000
maize,37,42,55,370.7,877.6
maize,36,40,54,200,1800
maize,34,45,52,53.55,34.2
maize,34,55,62,128.02,2448.2
maize,35,50,59,131.9,700.35
maize,25,55,55,254.5,1480
maize,36,35,45,81.7,572
maize,37,40,46,921.87,2539.64
maize,36,41,50,2000,2350
maize,37,42,55,483,4150
maize,36,40,54,413.1,20.18
maize,34,45,52,79.5,26
maize,34,55,62,3483.09,14190000
maize,35,50,59,124.6,34.7
maize,25,55,55,100.9,900
maize,36,35,45,24,14.98
maize,37,40,46,53.5,999.5
maize,36,41,50,30.4,220
maize,37,42,55,40,160
maize,36,40,54,10,60
maize,34,45,52,1595.5,3788
maize,34,55,62,67.5,402
maize,35,50,59,1912,1900
maize,25,55,55,20.5,13.2
maize,36,35,45,409,98
maize,37,40,46,15,10.5
maize,36,41,50,128,148
maize,37,42,55,94,828.52
maize,36,40,54,15.5,7.6
maize,34,45,52,73,253
maize,34,55,62,29.9,17.85
maize,35,50,59,1,0.5
maize,25,55,55,32,235
maize,36,35,45,10,105
maize,37,40,46,34,15.05
chickpea,36,41,50,360,5517
chickpea,37,42,55,3540,11000000
chickpea,36,40,54,22.5,220
chickpea,34,45,52,21400,2600
chickpea,34,55,62,1400,500
chickpea,35,50,59,1000,100
chickpea,25,55,55,7300,9400
chickpea,36,35,45,3700,7100
chickpea,37,40,46,650800,228400
chickpea,36,41,50,3300,1000
chickpea,37,42,55,10100,10200
chickpea,36,40,54,2200,700
chickpea,34,45,52,2800,4900
chickpea,34,55,62,1300,500
chickpea,35,50,59,800,100
chickpea,25,55,55,6700,11800
chickpea,36,35,45,35600,75400
chickpea,37,40,46,700,72900
chickpea,36,41,50,35900,11100
chickpea,37,42,55,200,200
chickpea,36,40,54,100,100
chickpea,34,45,52,28000,14800
chickpea,34,55,62,20200,21700
chickpea,35,50,59,600,200
chickpea,25,55,55,18800,9400
chickpea,36,35,45,100,100
chickpea,37,40,46,600,2400
chickpea,36,41,50,600,1000
chickpea,37,42,55,18000,37300
chickpea,36,40,54,30100,11100
chickpea,34,45,52,300,200
chickpea,34,55,62,27400,9100
chickpea,35,50,59,2600,1900
chickpea,25,55,55,3200,1000
chickpea,36,35,45,14000,12900
chickpea,37,40,46,4000,10000
chickpea,36,41,50,755200,867800
chickpea,37,42,55,2300,900
chickpea,36,40,54,3700,5800
chickpea,34,45,52,4600,3400
chickpea,34,55,62,3300,6700
chickpea,35,50,59,2100,1300
chickpea,25,55,55,2000,300
chickpea,36,35,45,7000,14900
chickpea,37,40,46,38300,96800
chickpea,36,41,50,21300,12200
chickpea,37,42,55,200,200
chickpea,36,40,54,26200,25900
chickpea,34,45,52,25900,35800
chickpea,34,55,62,700,500
chickpea,35,50,59,14800,22100
chickpea,25,55,55,300,1600
chickpea,36,35,45,700,1200
chickpea,37,40,46,26600,63900
chickpea,36,41,50,13500,3300
chickpea,37,42,55,400,200
chickpea,36,40,54,700,65900
chickpea,34,45,52,100,100
chickpea,34,55,62,1635,889
chickpea,35,50,59,1880,355
chickpea,25,55,55,9453,10510
chickpea,36,35,45,694865,249457
chickpea,37,40,46,1762,495
chickpea,36,41,50,11131,14582
chickpea,37,42,55,3358,9540
chickpea,36,40,54,23117,3861
chickpea,34,45,52,1546,1098
chickpea,34,55,62,6215,11467
chickpea,35,50,59,37991,105082
chickpea,25,55,55,8,2
chickpea,36,35,45,4,2
chickpea,37,40,46,99,54
chickpea,36,41,50,26835,9365
chickpea,37,42,55,21785,25358
chickpea,36,40,54,1071,327
chickpea,34,45,52,21487,30576
chickpea,34,55,62,12,1
chickpea,35,50,59,455,2203
chickpea,25,55,55,98,10
chickpea,36,35,45,1,1
chickpea,37,40,46,734,1180
chickpea,36,41,50,20258,45669
chickpea,37,42,55,881,145
chickpea,36,40,54,10,2
chickpea,34,45,52,439,294
chickpea,34,55,62,5199,5759
chickpea,35,50,59,1770,32364
chickpea,25,55,55,884,83126
chickpea,36,35,45,30693,7888
chickpea,37,40,46,2477,1449
chickpea,36,41,50,9315,2831
chickpea,37,42,55,12025,16128
chickpea,36,40,54,3755,10146
chickpea,34,45,52,21,14
chickpea,34,55,62,791559,884963
chickpea,35,50,59,601,215
chickpea,25,55,55,5071,14351
chickpea,36,35,45,1626,1143
chickpea,37,40,46,3475,9049
chickpea,36,41,50,1744,774
kidneybeans,37,42,55,1103,15470
kidneybeans,36,40,54,3167,559
kidneybeans,34,45,52,1292,214
kidneybeans,34,55,62,6613,16923
kidneybeans,35,50,59,39905,117680
kidneybeans,25,55,55,21,5
kidneybeans,36,35,45,5,1
kidneybeans,37,40,46,1647,1148
kidneybeans,36,41,50,30606,24590
kidneybeans,37,42,55,135,8
kidneybeans,36,40,54,35,9
kidneybeans,34,45,52,317,185
kidneybeans,34,55,62,71,81
kidneybeans,35,50,59,33858,22685
kidneybeans,25,55,55,23048,23832
kidneybeans,36,35,45,377,80
kidneybeans,37,40,46,15242,16980
kidneybeans,36,41,50,96,67
kidneybeans,37,42,55,8,2
kidneybeans,36,40,54,399,2148
kidneybeans,34,45,52,482,11514
kidneybeans,34,55,62,909,1312
kidneybeans,35,50,59,22099,57236
kidneybeans,25,55,55,703,129
kidneybeans,36,35,45,96,67
kidneybeans,37,40,46,363,292
kidneybeans,36,41,50,520,297
kidneybeans,37,42,55,252,696
kidneybeans,36,40,54,769,11693
kidneybeans,34,45,52,908,3896970
kidneybeans,34,55,62,8953,2266
kidneybeans,35,50,59,4,34
kidneybeans,25,55,55,284,25395
kidneybeans,36,35,45,28,379
kidneybeans,37,40,46,89,114
kidneybeans,36,41,50,39,272
kidneybeans,37,42,55,27942,7628
kidneybeans,36,40,54,1595,526
kidneybeans,34,45,52,3191,900
kidneybeans,34,55,62,8552,9055
kidneybeans,35,50,59,3765,7127
kidneybeans,25,55,55,16,17
kidneybeans,36,35,45,758700,333828
kidneybeans,37,40,46,649,60
kidneybeans,36,41,50,3900,6720
kidneybeans,37,42,55,1434,627
kidneybeans,36,40,54,2667,7129
kidneybeans,34,45,52,1511,730
kidneybeans,34,55,62,1165,19232
kidneybeans,35,50,59,2496,324
kidneybeans,25,55,55,5124,12405
kidneybeans,36,35,45,32878,95609
kidneybeans,37,40,46,1434,627
kidneybeans,36,41,50,51610,33580
kidneybeans,37,42,55,487,176
kidneybeans,36,40,54,5,1
kidneybeans,34,45,52,27,9
kidneybeans,34,55,62,108,168
kidneybeans,35,50,59,47894,50145
kidneybeans,25,55,55,18773,29192
kidneybeans,36,35,45,417,226
kidneybeans,37,40,46,15170,17446
kidneybeans,36,41,50,5,1
kidneybeans,37,42,55,447,2893
kidneybeans,36,40,54,40,12
kidneybeans,34,45,52,380,8465
kidneybeans,34,55,62,1,1
kidneybeans,35,50,59,544,725
kidneybeans,25,55,55,38119,108906
kidneybeans,36,35,45,3768,528
kidneybeans,37,40,46,2,1
kidneybeans,36,41,50,127,86
kidneybeans,37,42,55,307,213
kidneybeans,36,40,54,257,430
kidneybeans,34,45,52,1582,462
kidneybeans,34,55,62,851,3053700
kidneybeans,35,50,59,4741,1119
kidneybeans,25,55,55,490,42470
kidneybeans,36,35,45,31,411
kidneybeans,37,40,46,111,111
kidneybeans,36,41,50,8,40
kidneybeans,37,42,55,33454,6557
kidneybeans,36,40,54,1925,581
kidneybeans,34,45,52,2050,416
kidneybeans,34,55,62,7638,7144
kidneybeans,35,50,59,2737,6128
kidneybeans,25,55,55,732262,259953
kidneybeans,36,35,45,947,140
kidneybeans,37,40,46,2906,4545
kidneybeans,36,41,50,1000,100
kidneybeans,37,42,55,3541,3431
kidneybeans,36,40,54,1150,174
kidneybeans,34,45,52,776,8432
kidneybeans,34,55,62,490,47
kidneybeans,35,50,59,5157,12140
kidneybeans,25,55,55,29066,66329
kidneybeans,36,35,45,919,180
kidneybeans,37,40,46,51,0
kidneybeans,36,41,50,60319,22149
kidneybeans,37,42,55,32,2
pigeonpeas,36,40,54,129,39
pigeonpeas,34,45,52,83,161
pigeonpeas,34,55,62,54264,20186
pigeonpeas,35,50,59,17529,18651
pigeonpeas,25,55,55,1859,688
pigeonpeas,36,35,45,12676,11497
pigeonpeas,37,40,46,8,2
pigeonpeas,36,41,50,1288,8933
pigeonpeas,37,42,55,4,1
pigeonpeas,36,40,54,401,7192
pigeonpeas,34,45,52,417,517
pigeonpeas,34,55,62,10960,20462
pigeonpeas,35,50,59,2594,340
pigeonpeas,25,55,55,10,2
pigeonpeas,36,35,45,408,236
pigeonpeas,37,40,46,362,333
pigeonpeas,36,41,50,263,379
pigeonpeas,37,42,55,19,1006
pigeonpeas,36,40,54,1,5
pigeonpeas,34,45,52,126,938
pigeonpeas,34,55,62,1026,10162
pigeonpeas,35,50,59,788,4000
pigeonpeas,25,55,55,869,3691149
pigeonpeas,36,35,45,3914,481
pigeonpeas,37,40,46,18,0
pigeonpeas,36,41,50,111,2075
pigeonpeas,37,42,55,3968,26176
pigeonpeas,36,40,54,13767,112541
pigeonpeas,34,45,52,132,0
pigeonpeas,34,55,62,2418,1552
pigeonpeas,35,50,59,1767,0
pigeonpeas,25,55,55,1544,201409
pigeonpeas,36,35,45,1207,62789
pigeonpeas,37,40,46,2,17
pigeonpeas,36,41,50,329,22481
pigeonpeas,37,42,55,50,540
pigeonpeas,36,40,54,51,90
pigeonpeas,34,45,52,3356,16627
pigeonpeas,34,55,62,41178,6959
pigeonpeas,35,50,59,2280,378
pigeonpeas,25,55,55,1927,805
pigeonpeas,36,35,45,4212,4262
pigeonpeas,37,40,46,2920,10702
pigeonpeas,36,41,50,670935,187862
pigeonpeas,37,42,55,492,54
pigeonpeas,36,40,54,12487,30830
pigeonpeas,34,45,52,1245,229
pigeonpeas,34,55,62,6246,10718
pigeonpeas,35,50,59,1216,662
pigeonpeas,25,55,55,846,13250
pigeonpeas,36,35,45,340,15
pigeonpeas,37,40,46,3353,3547
pigeonpeas,36,41,50,17515,44891
pigeonpeas,37,42,55,245,83
pigeonpeas,36,40,54,1420,299
pigeonpeas,34,45,52,16,18
pigeonpeas,34,55,62,74525,29572
pigeonpeas,35,50,59,82,51
pigeonpeas,25,55,55,113,19
pigeonpeas,36,35,45,91,190
pigeonpeas,37,40,46,51461,15438
pigeonpeas,36,41,50,15060,19819
pigeonpeas,37,42,55,1560,844
pigeonpeas,36,40,54,21391,19444
pigeonpeas,34,45,52,7,2
pigeonpeas,34,55,62,1212,6787
pigeonpeas,35,50,59,22,7
pigeonpeas,25,55,55,535,11180
pigeonpeas,36,35,45,17,3
pigeonpeas,37,40,46,614,986
pigeonpeas,36,41,50,10826,25463
pigeonpeas,37,42,55,307,11
pigeonpeas,36,40,54,70,13
pigeonpeas,34,45,52,414,123
pigeonpeas,34,55,62,266,189
pigeonpeas,35,50,59,36,1302
pigeonpeas,25,55,55,101,873
pigeonpeas,36,35,45,1129,19414
pigeonpeas,37,40,46,706,11959
pigeonpeas,36,41,50,839,3285828
pigeonpeas,37,42,55,5646,610
pigeonpeas,36,40,54,51,0
pigeonpeas,34,45,52,118,2048
pigeonpeas,34,55,62,3935,58337
pigeonpeas,35,50,59,13441,224640
pigeonpeas,25,55,55,3241,3586
pigeonpeas,36,35,45,1783,0
pigeonpeas,37,40,46,1381,60038
pigeonpeas,36,41,50,1466,83767
pigeonpeas,37,42,55,454,32386
pigeonpeas,36,40,54,30,217
pigeonpeas,34,45,52,20,25
pigeonpeas,34,55,62,2827,17509
pigeonpeas,35,50,59,32752,7893
pigeonpeas,25,55,55,1021,403
pigeonpeas,36,35,45,1578,923
pigeonpeas,37,40,46,8933,7041
pigeonpeas,36,41,50,3402,11288
pigeonpeas,37,42,55,857823,684543
pigeonpeas,36,40,54,421,121
mothbeans,34,45,52,4300,5693
mothbeans,34,55,62,3495,10031
mothbeans,35,50,59,1464,545
mothbeans,25,55,55,1324,24824
mothbeans,36,35,45,1605,172
mothbeans,37,40,46,3166,5860
mothbeans,36,41,50,24335,85051
mothbeans,37,42,55,661,307
mothbeans,36,40,54,1131,691
mothbeans,34,45,52,56819,34209
mothbeans,34,55,62,76,37
mothbeans,35,50,59,62,24
mothbeans,25,55,55,155,754
mothbeans,36,35,45,42106,9516
mothbeans,37,40,46,14500,21736
mothbeans,36,41,50,226,30
mothbeans,37,42,55,11871,14269
mothbeans,36,40,54,34,4
mothbeans,34,45,52,3572,25822
mothbeans,34,55,62,3,1
mothbeans,35,50,59,234,4830
mothbeans,25,55,55,397,897
mothbeans,36,35,45,9240,21622
mothbeans,37,40,46,186,10
mothbeans,36,41,50,36,17
mothbeans,37,42,55,27228,9530
mothbeans,36,40,54,393,88
mothbeans,34,45,52,324,16897
mothbeans,34,55,62,837,6413350
mothbeans,35,50,59,2439,290
mothbeans,25,55,55,2,20
mothbeans,36,35,45,400,34072
mothbeans,37,40,46,33,68
mothbeans,36,41,50,49,53
mothbeans,37,42,55,4,36
mothbeans,36,40,54,35013,23704
mothbeans,34,45,52,993,1888
mothbeans,34,55,62,2081,1521
mothbeans,35,50,59,3295,3450
mothbeans,25,55,55,2178,6175
mothbeans,36,35,45,877029,362213
mothbeans,37,40,46,410,107
mothbeans,36,41,50,3759,3879
mothbeans,37,42,55,5958,21538
mothbeans,36,40,54,1078,747
mothbeans,34,45,52,985,17025
mothbeans,34,55,62,1429,301
mothbeans,35,50,59,2303,4394
mothbeans,25,55,55,25008,69972
mothbeans,36,35,45,854,455
mothbeans,37,40,46,421,232
mothbeans,36,41,50,69,24
mothbeans,37,42,55,66,125
mothbeans,36,40,54,58,214
mothbeans,34,45,52,49105,48172
mothbeans,34,55,62,22006,29752
mothbeans,35,50,59,205,77
mothbeans,25,55,55,12931,9970
mothbeans,36,35,45,29,11
mothbeans,37,40,46,1435,10721
mothbeans,36,41,50,16,5
mothbeans,37,42,55,381,9063
mothbeans,36,40,54,472,752
mothbeans,34,45,52,23142,55587
mothbeans,34,55,62,162,33
mothbeans,35,50,59,11,7
mothbeans,25,55,55,297,175
mothbeans,36,35,45,268,214
mothbeans,37,40,46,303,16231
mothbeans,36,41,50,836,3358992
mothbeans,37,42,55,2962,900
mothbeans,36,40,54,227,20612
mothbeans,34,45,52,48677,8401
mothbeans,34,55,62,23,121
mothbeans,35,50,59,1,1
mothbeans,25,55,55,2,15
mothbeans,36,35,45,26244,3543
mothbeans,37,40,46,620,189
mothbeans,36,41,50,899,451
mothbeans,37,42,55,1506,1940
mothbeans,36,40,54,1754,5658
mothbeans,34,45,52,644007,43148
mothbeans,34,55,62,1021,182
mothbeans,35,50,59,18043,7813
mothbeans,25,55,55,4877,20181
mothbeans,36,35,45,788,98
mothbeans,37,40,46,869,9423
mothbeans,36,41,50,742,135
mothbeans,37,42,55,2035,3696
mothbeans,36,40,54,22349,67427
mothbeans,34,45,52,450,48
mothbeans,34,55,62,69,26
mothbeans,35,50,59,141,43
mothbeans,25,55,55,10,37
mothbeans,36,35,45,83533,30739
mothbeans,37,40,46,18104,18991
mothbeans,36,41,50,1779,882
mothbeans,37,42,55,24944,15440
mothbeans,36,40,54,15,4
mothbeans,34,45,52,3120,23640
mungbean,34,55,62,139,52
mungbean,35,50,59,167,4075
mungbean,25,55,55,386,532
mungbean,36,35,45,10846,31974
mungbean,37,40,46,72,28
mungbean,36,41,50,24,19
mungbean,37,42,55,190,50
mungbean,36,40,54,217,150
mungbean,34,45,52,289,14141
mungbean,34,55,62,790,6404076
mungbean,35,50,59,1389,385
mungbean,25,55,55,339,30937
mungbean,36,35,45,60751,23561
mungbean,37,40,46,25,137
mungbean,36,41,50,1,8
mungbean,37,42,55,37000,17000
mungbean,36,40,54,1000,3000
mungbean,34,45,52,2000,1000
mungbean,34,55,62,3000,2000
mungbean,35,50,59,2000,9000
mungbean,25,55,55,876000,1102000
mungbean,36,35,45,4000,3000
mungbean,37,40,46,7000,32000
mungbean,36,41,50,1000,
mungbean,37,42,55,2000,38000
mungbean,36,40,54,2000,4000
mungbean,34,45,52,30000,95000
mungbean,34,55,62,19000,10000
mungbean,35,50,59,75000,78000
mungbean,25,55,55,21000,28000
mungbean,36,35,45,1000,
mungbean,37,40,46,12000,8000
mungbean,36,41,50,6000,48000
mungbean,37,42,55,14000,37000
mungbean,36,40,54,26000,20000
mungbean,34,45,52,34067,13150
mungbean,34,55,62,743,1011
mungbean,35,50,59,886,668
mungbean,25,55,55,1611,1241
mungbean,36,35,45,1574,5506
mungbean,37,40,46,853577,75115
mungbean,36,41,50,295,165
mungbean,37,42,55,1782,2204
mungbean,36,40,54,6041,20896
mungbean,34,45,52,629,245
mungbean,34,55,62,1376,23531
mungbean,35,50,59,60,30
mungbean,25,55,55,1460,3678
mungbean,36,35,45,30306,94615
mungbean,37,40,46,112,88
mungbean,36,41,50,182,248
mungbean,37,42,55,26,35
mungbean,36,40,54,73055,68379
mungbean,34,45,52,16879,24897
mungbean,34,55,62,205,136
mungbean,35,50,59,12501,6951
mungbean,25,55,55,14,5
mungbean,36,35,45,3658,32300
mungbean,37,40,46,173,4129
mungbean,36,41,50,336,630
mungbean,37,42,55,18416,49815
mungbean,36,40,54,113,44
mungbean,34,45,52,164,217
mungbean,34,55,62,325,232
mungbean,35,50,59,3603,160939
mungbean,25,55,55,786,7141464
mungbean,36,35,45,3766,1288
mungbean,37,40,46,131,12305
mungbean,36,41,50,42268,26305
mungbean,37,42,55,99,158
mungbean,36,40,54,4,40
mungbean,34,45,52,20269,5919
mungbean,34,55,62,1722,3167
mungbean,35,50,59,1332,663
mungbean,25,55,55,2063,1226
mungbean,36,35,45,1604,4031
mungbean,37,40,46,510874,113925
mungbean,36,41,50,5848,3982
mungbean,37,42,55,41409,25881
mungbean,36,40,54,8852,43924
mungbean,34,45,52,448,115
mungbean,34,55,62,1663,29811
mungbean,35,50,59,57,17
mungbean,25,55,55,2420,3780
mungbean,36,35,45,32226,101512
mungbean,37,40,46,1045,63
mungbean,36,41,50,24,20
mungbean,37,42,55,30,9
mungbean,36,40,54,316,92
mungbean,34,45,52,45,83
mungbean,34,55,62,92936,107248
mungbean,35,50,59,19507,28051
mungbean,25,55,55,4935,3420
mungbean,36,35,45,17721,14283
mungbean,37,40,46,4615,33736
mungbean,36,41,50,8,3
mungbean,37,42,55,230,5665
mungbean,36,40,54,1122,2458
mungbean,34,45,52,8,
mungbean,34,55,62,19428,46899
blackgram,35,50,59,46,20
blackgram,25,55,55,17,13
blackgram,36,35,45,179,97
blackgram,37,40,46,356,169
blackgram,36,41,50,5010,265981
blackgram,37,42,55,725,4247685
blackgram,36,40,54,4470,1797
blackgram,34,45,52,112,9968
blackgram,34,55,62,55286,33503
blackgram,35,50,59,13,77
blackgram,25,55,55,700,1179
blackgram,36,35,45,66013,11156
blackgram,37,40,46,2010,1465
blackgram,36,41,50,4328,3795
blackgram,37,42,55,4338,2977
blackgram,36,40,54,1968,7307
blackgram,34,45,52,814077,446928
blackgram,34,55,62,655,317
blackgram,35,50,59,2606,2069
blackgram,25,55,55,10726,51174
blackgram,36,35,45,32,286
blackgram,37,40,46,791,251
blackgram,36,41,50,1620,26924
blackgram,37,42,55,1,
blackgram,36,40,54,1876,3343
blackgram,34,45,52,34973,102007
blackgram,34,55,62,371,345
blackgram,35,50,59,1682,2866
blackgram,25,55,55,14,6
blackgram,36,35,45,5,4
blackgram,37,40,46,94240,73601
blackgram,36,41,50,19993,34068
blackgram,37,42,55,1527,860
blackgram,36,40,54,13274,8296
blackgram,34,45,52,4750,43306
blackgram,34,55,62,83,29
blackgram,35,50,59,306,8233
blackgram,25,55,55,556,831
blackgram,36,35,45,24828,69394
blackgram,37,40,46,45,31
blackgram,36,41,50,559,299
blackgram,37,42,55,131,171
blackgram,36,40,54,409,182
blackgram,34,45,52,4416,223825
blackgram,34,55,62,5323,3604
blackgram,35,50,59,21,236
blackgram,25,55,55,235,20981
blackgram,36,35,45,17615,14072
blackgram,37,40,46,4,51
blackgram,36,41,50,174,282
blackgram,37,42,55,13,102
blackgram,36,40,54,51728,4293
blackgram,34,45,52,2614,3307
blackgram,34,55,62,30203,1843
blackgram,35,50,59,19299,12069
blackgram,25,55,55,846,150
blackgram,36,35,45,4101,10425
blackgram,37,40,46,733960,174682
blackgram,36,41,50,1212,645
blackgram,37,42,55,7190,7535
blackgram,36,40,54,25447,63465
blackgram,34,45,52,15,117
blackgram,34,55,62,785,504
blackgram,35,50,59,2757,39563
blackgram,25,55,55,3,1
blackgram,36,35,45,50,1007
blackgram,37,40,46,1574,2679
blackgram,36,41,50,37720,94531
blackgram,37,42,55,1092,714
blackgram,36,40,54,1656,2676
blackgram,34,45,52,32,17
blackgram,34,55,62,17,1
blackgram,35,50,59,116,147
blackgram,25,55,55,15,12
blackgram,36,35,45,64,83
blackgram,37,40,46,68483,38008
blackgram,36,41,50,19876,32696
blackgram,37,42,55,986,577
blackgram,36,40,54,7907,3882
blackgram,34,45,52,6208,48168
blackgram,34,55,62,132,79
blackgram,35,50,59,208,4259
blackgram,25,55,55,1695,3421
blackgram,36,35,45,10948,25542
blackgram,37,40,46,84,63
blackgram,36,41,50,10,7
blackgram,37,42,55,446,313
blackgram,36,40,54,75,100
blackgram,34,45,52,541,267
blackgram,34,55,62,8000,505176
blackgram,35,50,59,895,7165320
blackgram,25,55,55,2399,1327
blackgram,36,35,45,18,181
blackgram,37,40,46,410,39186
blackgram,36,41,50,13277,12094
blackgram,37,42,55,2,26
blackgram,36,40,54,140,226
blackgram,34,45,52,321,2645
blackgram,34,55,62,558,302
blackgram,35,50,59,56586,8035
lentil,25,55,55,2176,1456
lentil,36,35,45,451,8211
lentil,37,40,46,24154,9179
lentil,36,41,50,2,1
lentil,37,42,55,27566,35511
lentil,36,40,54,586,36
lentil,34,45,52,2736,5603
lentil,34,55,62,238,7606
lentil,35,50,59,708708,295531
lentil,25,55,55,848,589
lentil,36,35,45,7599,6930
lentil,37,40,46,422,3752
lentil,36,41,50,7,3
lentil,37,42,55,22039,63516
lentil,36,40,54,6276,57601
lentil,34,45,52,481,266
lentil,34,55,62,1548,25393
lentil,35,50,59,447,17197
lentil,25,55,55,1279,17671
lentil,36,35,45,1589,2336
lentil,37,40,46,22056,58691
lentil,36,41,50,2106,41876
lentil,37,42,55,1343,1613
lentil,36,40,54,919,1671
lentil,34,45,52,76,6954
lentil,34,55,62,6121,5197
lentil,35,50,59,10,14
lentil,25,55,55,2552,38561
lentil,36,35,45,65,728
lentil,37,40,46,31,29
lentil,36,41,50,20,13
lentil,37,42,55,251,4570
lentil,36,40,54,232,88
lentil,34,45,52,2606,1631
lentil,34,55,62,77,99
lentil,35,50,59,81,74
lentil,25,55,55,70,159
lentil,36,35,45,89676,77301
lentil,37,40,46,20987,34419
lentil,36,41,50,1997,1322
lentil,37,42,55,5795,3141
lentil,36,40,54,7070,50098
lentil,34,45,52,117,79
lentil,34,55,62,84,1195
lentil,35,50,59,36,634
lentil,25,55,55,823,1227
lentil,36,35,45,6998,17768
lentil,37,40,46,20,33
lentil,36,41,50,15,18
lentil,37,42,55,4459,1904
lentil,36,40,54,7,67
lentil,34,45,52,115,178
lentil,34,55,62,1395,31096
lentil,35,50,59,153,156
lentil,25,55,55,134,151
lentil,36,35,45,646,5571000
lentil,37,40,46,453,186
lentil,36,41,50,49932,9287
lentil,37,42,55,1332,1227
lentil,36,40,54,407,8624
lentil,34,45,52,2,38
lentil,34,55,62,9,3
lentil,35,50,59,11416,5366
lentil,25,55,55,37661,77316
lentil,36,35,45,527,253
lentil,37,40,46,2647,3965
lentil,36,41,50,247,5644
lentil,37,42,55,711145,286591
lentil,36,40,54,2317,1353
lentil,34,45,52,14486,9749
lentil,34,55,62,391,2003
lentil,35,50,59,7,3
lentil,25,55,55,27087,53226
lentil,36,35,45,8711,74653
lentil,37,40,46,481,534
lentil,36,41,50,1414,31097
lentil,37,42,55,62,18
lentil,36,40,54,13865,9431
lentil,34,45,52,230,22418
lentil,34,55,62,1450,23722
lentil,35,50,59,2055,3163
lentil,25,55,55,28114,59377
lentil,36,35,45,2181,20517
lentil,37,40,46,935,856
lentil,36,41,50,2401,3866
lentil,37,42,55,281,26505
lentil,36,40,54,8109,6698
lentil,34,45,52,6,11
lentil,34,55,62,2991,88620
lentil,35,50,59,46,567
lentil,25,55,55,48,45
lentil,36,35,45,17,16
lentil,37,40,46,356,7543
lentil,36,41,50,11,207
lentil,37,42,55,31,15
lentil,36,40,54,1971,1234
lentil,34,45,52,62,127
lentil,34,55,62,32,26
lentil,35,50,59,27,54
lentil,25,55,55,85768,68614
pomegranate,36,35,45,17303,26335
pomegranate,37,40,46,2510,1416
pomegranate,36,41,50,6605,3137
pomegranate,37,42,55,7777,57970
pomegranate,36,40,54,129,81
pomegranate,34,45,52,611,14317
pomegranate,34,55,62,5,6
pomegranate,35,50,59,822,1462
pomegranate,25,55,55,12283,28558
pomegranate,36,35,45,58,41
pomegranate,37,40,46,11,10
pomegranate,36,41,50,5911,2879
pomegranate,37,42,55,1,9
pomegranate,36,40,54,183,309
pomegranate,34,45,52,3482,80532
pomegranate,34,55,62,4,3
pomegranate,35,50,59,62,39
pomegranate,25,55,55,8661,483881
pomegranate,36,35,45,9,3
pomegranate,37,40,46,11447,5381
pomegranate,36,41,50,552,3969000
pomegranate,37,42,55,1971,1234
pomegranate,36,40,54,7,3
pomegranate,34,45,52,82,1179
pomegranate,34,55,62,58,41
pomegranate,35,50,59,1,9
pomegranate,25,55,55,62,39
pomegranate,36,35,45,37562,4845
pomegranate,37,40,46,1752,1028
pomegranate,36,41,50,320,7596
pomegranate,37,42,55,10,123
pomegranate,36,40,54,19,7
pomegranate,34,45,52,10320,5903
pomegranate,34,55,62,162,84
pomegranate,35,50,59,73734,103779
pomegranate,25,55,55,982,410
pomegranate,36,35,45,2799,11848
pomegranate,37,40,46,309,6886
pomegranate,36,41,50,550794,148714
pomegranate,37,42,55,3692,1658
pomegranate,36,40,54,13189,4234
pomegranate,34,45,52,416,3618
pomegranate,34,55,62,16839,42687
pomegranate,35,50,59,11278,70939
pomegranate,25,55,55,15,106
pomegranate,36,35,45,2428,2994
pomegranate,37,40,46,1969,35214
pomegranate,36,41,50,25,2
pomegranate,37,42,55,31,49
pomegranate,36,40,54,374,29443
pomegranate,34,45,52,1572,16416
pomegranate,34,55,62,15,281
pomegranate,35,50,59,1136,1713
pomegranate,25,55,55,22658,68155
pomegranate,36,35,45,2151,19520
pomegranate,37,40,46,691,606
pomegranate,36,41,50,44,50
pomegranate,37,42,55,30,2456
pomegranate,36,40,54,5066,1180
pomegranate,34,45,52,15,43
pomegranate,34,55,62,3976,113236
pomegranate,35,50,59,19,223
pomegranate,25,55,55,188,249
pomegranate,36,35,45,47,28
pomegranate,37,40,46,468,11108
pomegranate,36,41,50,2,25
pomegranate,37,42,55,229,131
pomegranate,36,40,54,8223,4251
pomegranate,34,45,52,884,1244
pomegranate,34,55,62,234,263
pomegranate,35,50,59,124,387
pomegranate,25,55,55,68092,38676
pomegranate,36,35,45,14957,24679
pomegranate,37,40,46,8079,3700
pomegranate,36,41,50,5263,1368
pomegranate,37,42,55,4474,31618
pomegranate,36,40,54,586,481
pomegranate,34,45,52,297,6767
pomegranate,34,55,62,2,2
pomegranate,35,50,59,77,1442
pomegranate,25,55,55,734,1122
pomegranate,36,35,45,6553,14377
pomegranate,37,40,46,310,87
pomegranate,36,41,50,47,41
pomegranate,37,42,55,3386,1642
pomegranate,36,40,54,4,44
pomegranate,34,45,52,341,635
pomegranate,34,55,62,4191,87055
pomegranate,35,50,59,42,61
pomegranate,25,55,55,687,5756000
pomegranate,36,35,45,29211,82532
pomegranate,37,40,46,6100,900
pomegranate,36,41,50,1700,1900
pomegranate,37,42,55,600,800
pomegranate,36,40,54,234900,144200
pomegranate,34,45,52,3100,2000
pomegranate,34,55,62,2400,1500
pomegranate,35,50,59,100,300
pomegranate,25,55,55,200,100
pomegranate,36,35,45,2200,300
banana,37,40,46,10800,9900
banana,36,41,50,42300,84400
banana,37,42,55,1300,200
banana,36,40,54,400,100
banana,34,45,52,29600,2775100
banana,34,55,62,1300,600
banana,35,50,59,3000,2100
banana,25,55,55,28300,69800
banana,36,35,45,1200,400
banana,37,40,46,1600,2300
banana,36,41,50,57400,137400
banana,37,42,55,900,400
banana,36,40,54,6100,1000
banana,34,45,52,1700,3400
banana,34,55,62,200,100
banana,35,50,59,600,900
banana,25,55,55,235500,211000
banana,36,35,45,3000,1700
banana,37,40,46,2500,1400
banana,36,41,50,100,100
banana,37,42,55,100,300
banana,36,40,54,300,200
banana,34,45,52,2300,400
banana,34,55,62,10800,11000
banana,35,50,59,42000,105400
banana,25,55,55,1500,300
banana,36,35,45,400,100
banana,37,40,46,1000,700
banana,36,41,50,200,200
banana,37,42,55,3200,4100
banana,36,40,54,31100,83800
banana,34,45,52,1100,800
banana,34,55,62,100,300
banana,35,50,59,1600,2700
banana,25,55,55,62400,159200
banana,36,35,45,300,100
banana,37,40,46,800,300
banana,36,41,50,34500,3377000
banana,37,42,55,2531,2817
banana,36,40,54,185,35
banana,34,45,52,2,2
banana,34,55,62,188615,79784
banana,35,50,59,3350,1853
banana,25,55,55,1360,797
banana,36,35,45,181,514
banana,37,40,46,5096,637
banana,36,41,50,159,113
banana,37,42,55,8199,5666
banana,36,40,54,37542,75477
banana,34,45,52,484,117
banana,34,55,62,1207,700
banana,35,50,59,120,73
banana,25,55,55,68,76
banana,36,35,45,1,1
banana,37,40,46,26755,63383
banana,36,41,50,2034,620
banana,37,42,55,39,40
banana,36,40,54,28,2
banana,34,45,52,67,324
banana,34,55,62,85,23
banana,35,50,59,1354,1887
banana,25,55,55,37489,76800
banana,36,35,45,587,135
banana,37,40,46,70,46
banana,36,41,50,3370,4968
banana,37,42,55,548,8149
banana,36,40,54,44929,4097998
banana,34,45,52,17,17
banana,34,55,62,6032,2172
banana,35,50,59,3771,4936
banana,25,55,55,546,166
banana,36,35,45,19,25
banana,37,40,46,522,770
banana,36,41,50,6,5
banana,37,42,55,192106,218617
banana,36,40,54,3774,2004
banana,34,45,52,3556,2703
banana,34,55,62,13,9
banana,35,50,59,357,930
banana,25,55,55,6,53
banana,36,35,45,138,61
banana,37,40,46,286,3991
banana,36,41,50,2988,650
banana,37,42,55,1653,464
banana,36,40,54,11350,12133
banana,34,45,52,33776,89236
banana,34,55,62,2348,587
banana,35,50,59,432,100
banana,25,55,55,2361,596
banana,36,35,45,535,449
banana,37,40,46,120,7
banana,36,41,50,393,514
banana,37,42,55,2676,3056
banana,36,40,54,22396,60156
banana,34,45,52,1509,318
banana,34,55,62,54,65
banana,35,50,59,30,6
banana,25,55,55,56,302
banana,36,35,45,42,14
banana,37,40,46,230,5494
mango,36,41,50,13,2
mango,37,42,55,13,2
mango,36,40,54,1667,2405
mango,34,45,52,2,1
mango,34,55,62,41442,97181
mango,35,50,59,735,154
mango,25,55,55,168,135
mango,36,35,45,5,3
mango,37,40,46,953,19033
mango,36,41,50,126,27
mango,37,42,55,4011,17215660
mango,36,40,54,60,19
mango,34,45,52,957,8177
mango,34,55,62,40539,3697441
mango,35,50,59,163,2203
mango,25,55,55,1,8
mango,36,35,45,14,13
mango,37,40,46,89,620
mango,36,41,50,5403,924
mango,37,42,55,2934,3556
mango,36,40,54,313,88
mango,34,45,52,2,2
mango,34,55,62,443,641
mango,35,50,59,5,6
mango,25,55,55,171365,125096
mango,36,35,45,2373,1241
mango,37,40,46,2400,2174
mango,36,41,50,13,10
mango,37,42,55,294,786
mango,36,40,54,5,43
mango,34,45,52,225,109
mango,34,55,62,248,3441
mango,35,50,59,2351,654
mango,25,55,55,11835,8758
mango,36,35,45,24377,55311
mango,37,40,46,1976,522
mango,36,41,50,162,27
mango,37,42,55,1989,532
mango,36,40,54,1358,1177
mango,34,45,52,141,51
mango,34,55,62,258,313
mango,35,50,59,2958,4609
mango,25,55,55,21443,59311
mango,36,35,45,1569,849
mango,37,40,46,46,67
mango,36,41,50,21,5
mango,37,42,55,81,524
mango,36,40,54,82,25
mango,34,45,52,304,6772
mango,34,55,62,1776,2366
mango,35,50,59,62049,170573
mango,25,55,55,442,214
mango,36,35,45,189,129
mango,37,40,46,4,
mango,36,41,50,1005,7156
mango,37,42,55,126,34
mango,36,40,54,4133,14827800
mango,34,45,52,51,18
mango,34,55,62,1024,9447
mango,35,50,59,38789,3337250
mango,25,55,55,188,2495
mango,36,35,45,33,38
mango,37,40,46,69,341
mango,36,41,50,4113,440
mango,37,42,55,2366,1171
mango,36,40,54,234,48
mango,34,45,52,519,791
mango,34,55,62,101638,50108
mango,35,50,59,6941,3679
mango,25,55,55,1647,865
mango,36,35,45,261,253
mango,37,40,46,4,30
mango,36,41,50,174,26
mango,37,42,55,205,2451
mango,36,40,54,1535,428
mango,34,45,52,6905,6643
mango,34,55,62,20137,50020
mango,35,50,59,234,22
mango,25,55,55,1687,364
mango,36,35,45,2098,1320
mango,37,40,46,133,7
mango,36,41,50,17,2
mango,37,42,55,42,21
mango,36,40,54,2199,4253
mango,34,45,52,20,16
mango,34,55,62,18706,52714
mango,35,50,59,3471,1284
mango,25,55,55,130,155
mango,36,35,45,14,4
mango,37,40,46,284,1968
mango,36,41,50,172,44
mango,37,42,55,266,4753
mango,36,40,54,4,1
mango,34,45,52,22,26
mango,34,55,62,1102,1365
mango,35,50,59,30034,76827
mango,25,55,55,386,125
mango,36,35,45,260,151
mango,37,40,46,5,7
mango,36,41,50,960,50841
grapes,37,42,55,1509,7788
grapes,36,40,54,340,2533
grapes,34,45,52,1784,18027
grapes,34,55,62,4,0
grapes,35,50,59,121,15
grapes,25,55,55,232,1172
grapes,36,35,45,4296,17209269
grapes,37,40,46,86,24
grapes,36,41,50,8,0
grapes,37,42,55,36,673
grapes,36,40,54,47834,335015
grapes,34,45,52,4,39
grapes,34,55,62,114,153
grapes,35,50,59,918,0
grapes,25,55,55,39,5087
grapes,36,35,45,1,0
grapes,37,40,46,66,3411
grapes,36,41,50,1126,9776
grapes,37,42,55,39436,2684685
grapes,36,40,54,160,1739
grapes,34,45,52,66,107
grapes,34,55,62,16838,139087
grapes,35,50,59,76,247
grapes,25,55,55,8476,636
grapes,36,35,45,2166,3611
grapes,37,40,46,372,155
grapes,36,41,50,412,1014
grapes,37,42,55,137201,92611
grapes,36,40,54,5495,2121
grapes,34,45,52,2410,2832
grapes,34,55,62,16,12
grapes,35,50,59,742,1273
grapes,25,55,55,2,16
grapes,36,35,45,631,343
grapes,37,40,46,253,3691
grapes,36,41,50,1929,581
grapes,37,42,55,10014,8392
grapes,36,40,54,18495,38562
grapes,34,45,52,2058,698
grapes,34,55,62,186,54
grapes,35,50,59,2074,710
grapes,25,55,55,2563,1488
grapes,36,35,45,433,267
grapes,37,40,46,10,1
grapes,36,41,50,36,60
grapes,37,42,55,2792,5832
grapes,36,40,54,22411,51164
grapes,34,45,52,1942,1051
grapes,34,55,62,6,7
grapes,35,50,59,19,5
grapes,25,55,55,392,2195
grapes,36,35,45,221,75
grapes,37,40,46,265,5538
grapes,36,41,50,6,1
grapes,37,42,55,925,1486
grapes,36,40,54,27286,46714
grapes,34,45,52,580,103
grapes,34,55,62,229,89
grapes,35,50,59,7,2
grapes,25,55,55,587,21222
grapes,36,35,45,1364,6842
grapes,37,40,46,382,3041
grapes,36,41,50,1664,18271
grapes,37,42,55,73,0
grapes,36,40,54,124,33
grapes,34,45,52,221,3750
grapes,34,55,62,4294,16827552
grapes,35,50,59,119,31
grapes,25,55,55,1,0
grapes,36,35,45,32,555
grapes,37,40,46,48572,234579
grapes,36,41,50,6,96
grapes,37,42,55,459,149
grapes,36,40,54,686,0
grapes,34,45,52,17,1544
grapes,34,55,62,69,3933
grapes,35,50,59,1291,12045
grapes,25,55,55,26845,1881888
grapes,36,35,45,177,1280
grapes,37,40,46,2,3
grapes,36,41,50,19636,180151
grapes,37,42,55,60,417
grapes,36,40,54,8225,1390
grapes,34,45,52,2684,3521
grapes,34,55,62,351,205
grapes,35,50,59,537,1171
grapes,25,55,55,9,8
grapes,36,35,45,194943,138410
grapes,37,40,46,3996,1798
grapes,36,41,50,2659,2444
grapes,37,42,55,509,1461
grapes,36,40,54,2,17
grapes,34,45,52,337,125
grapes,34,55,62,250,4242
grapes,35,50,59,3863,872
grapes,25,55,55,11249,14376
grapes,36,35,45,19055,43331
grapes,37,40,46,904,86
grapes,36,41,50,1922,652
grapes,37,42,55,3154,1822
watermelon,36,40,54,264,127
watermelon,34,45,52,57,75
watermelon,34,55,62,2285,11110
watermelon,35,50,59,2,2
watermelon,25,55,55,23819,60381
watermelon,36,35,45,2283,304
watermelon,37,40,46,25,39
watermelon,36,41,50,11,1
watermelon,37,42,55,354,2559
watermelon,36,40,54,218,71
watermelon,34,45,52,351,7244
watermelon,34,55,62,41,9
watermelon,35,50,59,868,1961
watermelon,25,55,55,25822,69177
watermelon,36,35,45,1071,698
watermelon,37,40,46,1912,1115
watermelon,36,41,50,314,199
watermelon,37,42,55,2,
watermelon,36,40,54,586,30560
watermelon,34,45,52,119,25
watermelon,34,55,62,4165,31934060
watermelon,35,50,59,125,30
watermelon,25,55,55,1892,18727
watermelon,36,35,45,21928,1865393
watermelon,37,40,46,211,434
watermelon,36,41,50,4,4
watermelon,37,42,55,88,794
watermelon,36,40,54,7752,1869
watermelon,34,45,52,1860,2217
watermelon,34,55,62,368,269
watermelon,35,50,59,4,4
watermelon,25,55,55,459,858
watermelon,36,35,45,177541,130670
watermelon,37,40,46,3713,1504
watermelon,36,41,50,1825,1221
watermelon,37,42,55,417,2150
watermelon,36,40,54,2,18
watermelon,34,45,52,511,354
watermelon,34,55,62,254,4762
watermelon,35,50,59,3614,868
watermelon,25,55,55,9199,11269
watermelon,36,35,45,16240,37173
watermelon,37,40,46,185,31
watermelon,36,41,50,1834,588
watermelon,37,42,55,212,73
watermelon,36,40,54,58,69
watermelon,34,45,52,2159,7967
watermelon,34,55,62,17796,44223
watermelon,35,50,59,1932,730
watermelon,25,55,55,33,57
watermelon,36,35,45,5,2
watermelon,37,40,46,356,2660
watermelon,36,41,50,70,21
watermelon,37,42,55,253,6018
watermelon,36,40,54,27,6
watermelon,34,45,52,1097,1748
watermelon,34,55,62,66351,193612
watermelon,35,50,59,365,246
watermelon,25,55,55,98,62
watermelon,36,35,45,468,25070
watermelon,37,40,46,119,32
watermelon,36,41,50,3914,15729168
watermelon,37,42,55,110,49
watermelon,36,40,54,1312,12841
watermelon,34,45,52,22453,1972429
watermelon,34,55,62,2445,1436
watermelon,35,50,59,249,1102
watermelon,25,55,55,7,7
watermelon,36,35,45,52,394
watermelon,37,40,46,5496,1533
watermelon,36,41,50,1456,942
watermelon,37,42,55,297,149
watermelon,36,40,54,413,1104
watermelon,34,45,52,87185,46470
watermelon,34,55,62,5600,2694
watermelon,35,50,59,966,751
watermelon,25,55,55,386,1378
watermelon,36,35,45,2,18
watermelon,37,40,46,284,35
watermelon,36,41,50,206,3454
watermelon,37,42,55,2434,572
watermelon,36,40,54,8605,7374
watermelon,34,45,52,17049,42520
watermelon,34,55,62,222,57
watermelon,35,50,59,1189,292
watermelon,25,55,55,144,55
watermelon,36,35,45,2,1
watermelon,37,40,46,30,19
watermelon,36,41,50,2405,8975
watermelon,37,42,55,18109,52842
watermelon,36,40,54,2627,1532
watermelon,34,45,52,29,35
watermelon,34,55,62,4,1
watermelon,35,50,59,788,5971
watermelon,25,55,55,144,54
watermelon,36,35,45,189,4612
watermelon,37,40,46,34,18
watermelon,36,41,50,917,1265
watermelon,37,42,55,29164,85101
watermelon,36,40,54,264,149
muskmelon,34,45,52,426,333
muskmelon,34,55,62,4,1
muskmelon,35,50,59,556,27205
muskmelon,25,55,55,117,31
muskmelon,36,35,45,4307,34924554
muskmelon,37,40,46,155,52
muskmelon,36,41,50,1429,12086
muskmelon,37,42,55,37965,3496956
muskmelon,36,40,54,5492,3852
muskmelon,34,45,52,246,1351
muskmelon,34,55,62,114,134
muskmelon,35,50,59,81,635
muskmelon,25,55,55,7000,1000
muskmelon,36,35,45,2000,3000
muskmelon,37,40,46,1000,1000
muskmelon,36,41,50,146000,246000
muskmelon,37,42,55,4000,2000
muskmelon,36,40,54,1000,1000
muskmelon,34,45,52,1000,3000
muskmelon,34,55,62,1000,
muskmelon,35,50,59,2000,1000
muskmelon,25,55,55,8000,6000
muskmelon,36,35,45,15000,42000
muskmelon,37,40,46,1000,
muskmelon,36,41,50,1000,
muskmelon,37,42,55,2000,7000
muskmelon,36,40,54,21000,57000
muskmelon,34,45,52,2000,1000
muskmelon,34,55,62,1000,4000
muskmelon,35,50,59,1000,1000
muskmelon,25,55,55,37000,116000
muskmelon,36,35,45,5000,6000
muskmelon,37,40,46,30000,2819000
muskmelon,36,41,50,7173,2554
muskmelon,37,42,55,1714,3286
muskmelon,36,40,54,499,376
muskmelon,34,45,52,24,37
muskmelon,34,55,62,514,1276
muskmelon,35,50,59,171653,84110
muskmelon,25,55,55,2238,1256
muskmelon,36,35,45,1205,812
muskmelon,37,40,46,843,3937
muskmelon,36,41,50,482,188
muskmelon,37,42,55,289,4856
muskmelon,36,40,54,1607,783
muskmelon,34,45,52,7179,4142
muskmelon,34,55,62,17596,46242
muskmelon,35,50,59,236,46
muskmelon,25,55,55,848,241
muskmelon,36,35,45,303,110
muskmelon,37,40,46,9,17
muskmelon,36,41,50,2500,5155
muskmelon,37,42,55,19,74
muskmelon,36,40,54,17250,46506
muskmelon,34,45,52,1318,1078
muskmelon,34,55,62,957,8450
muskmelon,35,50,59,191,65
muskmelon,25,55,55,171,4081
muskmelon,36,35,45,812,1522
muskmelon,37,40,46,37927,118636
muskmelon,36,41,50,329,143
muskmelon,37,42,55,376,252
muskmelon,36,40,54,708,22390
muskmelon,34,45,52,90,26
muskmelon,34,55,62,3915,35594856
muskmelon,35,50,59,102,42
muskmelon,25,55,55,1374,12392
muskmelon,36,35,45,26916,2263880
muskmelon,37,40,46,3183,2015
muskmelon,36,41,50,110,628
muskmelon,37,42,55,3,37
muskmelon,36,40,54,225,359
muskmelon,34,45,52,64,646
muskmelon,34,55,62,6406,1377
muskmelon,35,50,59,2859,3336
muskmelon,25,55,55,278,138
muskmelon,36,35,45,66,94
muskmelon,37,40,46,591,1415
muskmelon,36,41,50,123097,71889
muskmelon,37,42,55,11704,7970
muskmelon,36,40,54,1302,1413
muskmelon,34,45,52,1326,4915
muskmelon,34,55,62,601,154
muskmelon,35,50,59,197,3190
muskmelon,25,55,55,1766,512
muskmelon,36,35,45,8370,10437
muskmelon,37,40,46,19758,56192
muskmelon,36,41,50,146,36
muskmelon,37,42,55,908,289
muskmelon,36,40,54,307,91
muskmelon,34,45,52,262,56
muskmelon,34,55,62,17,20
muskmelon,35,50,59,2297,7695
muskmelon,25,55,55,2,2
muskmelon,36,35,45,16334,58966
muskmelon,37,40,46,2244,1696
muskmelon,36,41,50,611,4466
muskmelon,37,42,55,159,63
muskmelon,36,40,54,163,4015
muskmelon,34,45,52,873,1913
apple,34,55,62,35155,113937
apple,35,50,59,557,185
apple,25,55,55,646,478
apple,36,35,45,769,40826
apple,37,40,46,98,29
apple,36,41,50,3893,22798170
apple,37,42,55,125,64
apple,36,40,54,1402,12099
apple,34,45,52,27193,2261081
apple,34,55,62,3280,2647
apple,35,50,59,226,1332
apple,25,55,55,10,131
apple,36,35,45,301,508
apple,37,40,46,32,387
apple,36,41,50,10943,1182
apple,37,42,55,3081,5882
apple,36,40,54,180,158
apple,34,45,52,235,98
apple,34,55,62,148596,159741
apple,35,50,59,4010,1941
apple,25,55,55,1357,852
apple,36,35,45,970,4969
apple,37,40,46,2,18
apple,36,41,50,845,268
apple,37,42,55,178,3535
apple,36,40,54,1912,541
apple,34,45,52,6849,9876
apple,34,55,62,18019,53639
apple,35,50,59,203,34
apple,25,55,55,572,165
apple,36,35,45,608,257
apple,37,40,46,10,1
apple,36,41,50,15,29
apple,37,42,55,2034,4153
apple,36,40,54,13361,31332
apple,34,45,52,1774,1151
apple,34,55,62,18,
apple,35,50,59,539,4914
apple,25,55,55,335,118
apple,36,35,45,196,5274
apple,37,40,46,847,1266
apple,36,41,50,16,39
apple,37,42,55,43558,131502
apple,36,40,54,334,118
apple,34,45,52,1126,601
apple,34,55,62,923,46782
apple,35,50,59,100,24
apple,25,55,55,113,77
apple,36,35,45,1138,10817
apple,37,40,46,27719,2311342
apple,36,41,50,1048,578
apple,37,42,55,239,3062
apple,36,40,54,15,99
apple,34,45,52,130,229
apple,34,55,62,47,369
apple,35,50,59,8019,1203
apple,25,55,55,2353,4958
apple,36,35,45,175,11
apple,37,40,46,400,65
apple,36,41,50,1078,347
apple,37,42,55,132056,82799
apple,36,40,54,3394,1806
apple,34,45,52,65,80
apple,34,55,62,930,3084
apple,35,50,59,506,325
apple,25,55,55,180,2594
apple,36,35,45,2102,671
apple,37,40,46,6608,7203
apple,36,41,50,17342,55719
apple,37,42,55,88,20
apple,36,40,54,379,128
apple,34,45,52,388,207
apple,34,55,62,12,2
apple,35,50,59,2,4
apple,25,55,55,9,7
apple,36,35,45,1897,2474
apple,37,40,46,2,1
apple,36,41,50,14103,45637
apple,37,42,55,1621,1149
apple,36,40,54,11,2
apple,34,45,52,877,6805
apple,34,55,62,270,161
apple,35,50,59,196,4013
apple,25,55,55,17,5
apple,36,35,45,693,1398
apple,37,40,46,33764,113211
apple,36,41,50,284,146
apple,37,42,55,2528,1772
apple,36,40,54,886,55948
apple,34,45,52,76,19
apple,34,55,62,3663,29376960
apple,35,50,59,74,43
apple,25,55,55,1151,15206
apple,36,35,45,28405,2577106
apple,37,40,46,1342,927
apple,36,41,50,288,3490
apple,37,42,55,10,100
apple,36,40,54,51,82
apple,34,45,52,31,255
apple,34,55,62,7594,1268
orange,35,50,59,1681,4211
orange,25,55,55,875,18642
orange,36,35,45,106,1200
orange,37,40,46,75,20
orange,36,41,50,192,73
orange,37,42,55,317,405
orange,36,40,54,999,276
orange,34,45,52,30,546
orange,34,55,62,135619,86932
orange,35,50,59,3473,2414
orange,25,55,55,41,
orange,36,35,45,48,427
orange,37,40,46,1078,4375
orange,36,41,50,56760,502212
orange,37,42,55,389,215
orange,36,40,54,153,2921
orange,34,45,52,1791,480
orange,34,55,62,558,60785
orange,35,50,59,65,872
orange,25,55,55,240,3618
orange,36,35,45,6616,5776
orange,37,40,46,12952,45241
orange,36,41,50,186,2455
orange,37,42,55,55,13
orange,36,40,54,228,67
orange,34,45,52,11,20
orange,34,55,62,28106,2491232
orange,35,50,59,82,62
orange,25,55,55,44,503
orange,36,35,45,8521,143886
orange,37,40,46,17,190
orange,36,41,50,268,253
orange,37,42,55,13,2
orange,36,40,54,5,13
orange,34,45,52,729,15531
orange,34,55,62,179,2027
orange,35,50,59,49,29
orange,25,55,55,226,288
orange,36,35,45,19,17
orange,37,40,46,1702,3877
orange,36,41,50,17,13
orange,37,42,55,14610,39725
orange,36,40,54,2260,1383
orange,34,45,52,547,3876
orange,34,55,62,236,159
orange,35,50,59,193,2745
orange,25,55,55,10,12
orange,36,35,45,845,12739
orange,37,40,46,704,1050
orange,36,41,50,34557,126168
orange,37,42,55,347,198
orange,36,40,54,812,414
orange,34,45,52,186,2127
orange,34,55,62,55,78
orange,35,50,59,4908,106037
orange,25,55,55,1621,1598
orange,36,35,45,3351,28899000
orange,37,40,46,7601,1923
orange,36,41,50,1789,3907
orange,37,42,55,919,19001
orange,36,40,54,114,2140
orange,34,45,52,75,24
orange,34,55,62,228,107
orange,35,50,59,27,16
orange,25,55,55,157,391
orange,36,35,45,1116,317
orange,37,40,46,23,417
orange,36,41,50,143027,142455
orange,37,42,55,5499,3211
orange,36,40,54,12,10
orange,34,45,52,46,236
orange,34,55,62,1905,7683
orange,35,50,59,66615,588344
orange,25,55,55,540,599
orange,36,35,45,170,3201
orange,37,40,46,1792,520
orange,36,41,50,280,196
orange,37,42,55,526,13845
orange,36,40,54,78,1126
orange,34,45,52,8006,10512
orange,34,55,62,15206,48766
orange,35,50,59,208,1957
orange,25,55,55,20,9
orange,36,35,45,427,131
orange,37,40,46,11,18
orange,36,41,50,28152,2562925
orange,37,42,55,66,52
orange,36,40,54,57,669
orange,34,45,52,8,15
orange,34,55,62,8397,232496
orange,35,50,59,16,197
orange,25,55,55,365,339
orange,36,35,45,10,3
orange,37,40,46,2,4
orange,36,41,50,774,16003
orange,37,42,55,181,3398
orange,36,40,54,65,39
orange,34,45,52,194,483
orange,34,55,62,10,8
orange,35,50,59,1751,3488
papaya,25,55,55,8,10
papaya,36,35,45,12051,32863
papaya,37,40,46,2011,871
papaya,36,41,50,1303,9713
papaya,37,42,55,277,173
papaya,36,40,54,253,5928
papaya,34,45,52,4,5
papaya,34,55,62,641,1140
papaya,35,50,59,34654,120249
papaya,25,55,55,370,134
papaya,36,35,45,1078,860
papaya,37,40,46,217,2548
papaya,36,41,50,64,116
papaya,37,42,55,5199,116546
papaya,36,40,54,1119,880
papaya,34,45,52,910,50203
papaya,34,55,62,75,24
papaya,35,50,59,228,107
papaya,25,55,55,2760,19847000
papaya,36,35,45,92,55
papaya,37,40,46,1297,22926
papaya,36,41,50,274,3217
papaya,37,42,55,6840,1669
papaya,36,40,54,2071,4622
papaya,34,45,52,924,21932
papaya,34,55,62,120,3491
papaya,35,50,59,86,30
papaya,25,55,55,137,78
papaya,36,35,45,2,1
papaya,37,40,46,308,723
papaya,36,41,50,948,289
papaya,37,42,55,32,932
papaya,36,40,54,122578,72811
papaya,34,45,52,5071,2277
papaya,34,55,62,23,16
papaya,35,50,59,55,478
papaya,25,55,55,2693,8820
papaya,36,35,45,64633,462384
papaya,37,40,46,469,578
papaya,36,41,50,242,4443
papaya,37,42,55,1642,501
papaya,36,40,54,27,55
papaya,34,45,52,519,13790
papaya,34,55,62,160,1531
papaya,35,50,59,302,5186
papaya,25,55,55,4556,3686
papaya,36,35,45,13304,44462
papaya,37,40,46,209,1748
papaya,36,41,50,101,28
papaya,37,42,55,245,97
papaya,36,40,54,26147,2066986
papaya,34,45,52,58,29
papaya,34,55,62,8139,192268
papaya,35,50,59,17,199
papaya,25,55,55,383,508
papaya,36,35,45,1,2
papaya,37,40,46,785,18633
papaya,36,41,50,161,4684
papaya,37,42,55,111,57
papaya,36,40,54,545,1278
papaya,34,45,52,10,11
papaya,34,55,62,1693,5287
papaya,35,50,59,7,7
papaya,25,55,55,8830,23002
papaya,36,35,45,2441,1076
papaya,37,40,46,984,6429
papaya,36,41,50,384,315
papaya,37,42,55,199,4534
papaya,36,40,54,26,32
papaya,34,45,52,920,15799
papaya,34,55,62,552,844
papaya,35,50,59,27661,87962
papaya,25,55,55,982,703
papaya,36,35,45,1310,1104
papaya,37,40,46,200,2257
papaya,36,41,50,47,141
papaya,37,42,55,4998,126185
papaya,36,40,54,1749,2520
papaya,34,45,52,3465,29033000
papaya,34,55,62,40965,132424
papaya,35,50,59,1600,300
papaya,25,55,55,2500,1400
papaya,36,35,45,9800,23400
papaya,37,40,46,700,2200
papaya,36,41,50,400,400
papaya,37,42,55,1100,600
papaya,36,40,54,1200,1100
papaya,34,45,52,1600,2900
papaya,34,55,62,200,100
papaya,35,50,59,214100,429300
papaya,25,55,55,2000,800
papaya,36,35,45,1800,400
papaya,37,40,46,15100,1197300
papaya,36,41,50,300,200
papaya,37,42,55,13100,17100
papaya,36,40,54,700,1200
papaya,34,45,52,1700,3000
papaya,34,55,62,1300,800
papaya,35,50,59,200,200
papaya,25,55,55,3600,13700
coconut,36,35,45,59500,26500
coconut,37,40,46,100,100
coconut,36,41,50,154400,491500
coconut,37,42,55,1900,200
coconut,36,40,54,59900,19300
coconut,34,45,52,2100,300
coconut,34,55,62,4300,2400
coconut,35,50,59,7900,6300
coconut,25,55,55,1100,3300
coconut,36,35,45,800,900
coconut,37,40,46,200,100
coconut,36,41,50,1200,300
coconut,37,42,55,1300,1000
coconut,36,40,54,1700,3600
coconut,34,45,52,100,100
coconut,34,55,62,500,500
coconut,35,50,59,256300,386600
coconut,25,55,55,2100,700
coconut,36,35,45,1700,400
coconut,37,40,46,200,100
coconut,36,41,50,200,100
coconut,37,42,55,400,300
coconut,36,40,54,1100,2200
coconut,34,45,52,1500,2500
coconut,34,55,62,2200,1200
coconut,35,50,59,100,100
coconut,25,55,55,3800,18700
coconut,36,35,45,63700,28600
coconut,37,40,46,200,100
coconut,36,41,50,100,100
coconut,37,42,55,157600,656600
coconut,36,40,54,2900,700
coconut,34,45,52,63800,19700
coconut,34,55,62,16400,1254900
coconut,35,50,59,7000,15900
coconut,25,55,55,3248,2339
coconut,36,35,45,10,2
coconut,37,40,46,4410,7289
coconut,36,41,50,308,453
coconut,37,42,55,23,11
coconut,36,40,54,701,179
coconut,34,45,52,1522,4324
coconut,34,55,62,1696,573
coconut,35,50,59,141,100
coconut,25,55,55,291,97
coconut,36,35,45,430,448
coconut,37,40,46,244655,628606
coconut,36,41,50,2931,747
coconut,37,42,55,10,6
coconut,36,40,54,328,200
coconut,34,45,52,10,11
coconut,34,55,62,1015,1749
coconut,35,50,59,1782,1385
coconut,25,55,55,50,20
coconut,36,35,45,4266,20652
coconut,37,40,46,62777,13183
coconut,36,41,50,103,180
coconut,37,42,55,3,1
coconut,36,40,54,161551,645162
coconut,34,45,52,44,12
coconut,34,55,62,1428,284
coconut,35,50,59,58809,11350
coconut,25,55,55,1825,3246
coconut,36,35,45,252,4118
coconut,37,40,46,15657,1425465
coconut,36,41,50,8877,10182
coconut,37,42,55,1861,953
coconut,36,40,54,3034,2005
coconut,34,45,52,9,3
coconut,34,55,62,5580,10536
coconut,35,50,59,868,2396
coconut,25,55,55,344,354
coconut,36,35,45,4,2
coconut,37,40,46,1144,424
coconut,36,41,50,788,753
coconut,37,42,55,1406,3661
coconut,36,40,54,4,35
coconut,34,45,52,45,20
coconut,34,55,62,336,113
coconut,35,50,59,42,586
coconut,25,55,55,16,7
coconut,36,35,45,439,416
coconut,37,40,46,253966,683423
coconut,36,41,50,1579,511
coconut,37,42,55,2560,417
coconut,36,40,54,2367,1264
coconut,34,45,52,76,84
coconut,34,55,62,196,12
coconut,35,50,59,2,1
coconut,25,55,55,539,1112
coconut,36,35,45,7,17
coconut,37,40,46,766,1206
coconut,36,41,50,1082,228
coconut,37,42,55,14,12
coconut,36,40,54,14,3
coconut,34,45,52,4108,22117
coconut,34,55,62,60630,13824
coconut,35,50,59,133,2338
coconut,25,55,55,571,277
coconut,36,35,45,11,1
cotton,37,40,46,26,47
cotton,36,41,50,162861,683202
cotton,37,42,55,1282,236
cotton,36,40,54,60611,41034
cotton,34,45,52,6,17
cotton,34,55,62,11043,124386
cotton,35,50,59,33588,4608
cotton,25,55,55,48237,588584535
cotton,36,35,45,121,90
cotton,37,40,46,14772,1313615
cotton,36,41,50,60,811
cotton,37,42,55,20435,159148
cotton,36,40,54,5654,9185
cotton,34,45,52,282,1266
cotton,34,55,62,1309,763
cotton,35,50,59,2219,2048
cotton,25,55,55,9,1
cotton,36,35,45,6289,16425
cotton,37,40,46,628,2274
cotton,36,41,50,140,72
cotton,37,42,55,822,470
cotton,36,40,54,730,548
cotton,34,45,52,1204,3218
cotton,34,55,62,4,34
cotton,35,50,59,126,61
cotton,25,55,55,357,90
cotton,36,35,45,122,1693
cotton,37,40,46,5,3
cotton,36,41,50,291,322
cotton,37,42,55,220811,579850
cotton,36,40,54,1364,460
cotton,34,45,52,1821,453
cotton,34,55,62,2094,1008
cotton,35,50,59,62,54
cotton,25,55,55,1223,442
cotton,36,35,45,936,1882
cotton,37,40,46,26,49
cotton,36,41,50,494,979
cotton,37,42,55,1236,669
cotton,36,40,54,22,16
cotton,34,45,52,2597,16810
cotton,34,55,62,62887,10691
cotton,35,50,59,147,2325
cotton,25,55,55,544,396
cotton,36,35,45,86,162
cotton,37,40,46,165779,750150
cotton,36,41,50,17,9
cotton,37,42,55,1104,280
cotton,36,40,54,17,9
cotton,34,45,52,62912,10318
cotton,34,55,62,7,12
cotton,35,50,59,10258,122822
cotton,25,55,55,34634,5151
cotton,36,35,45,48515,629772990
cotton,37,40,46,32,25
cotton,36,41,50,14255,1282665
cotton,37,42,55,60,797
cotton,36,40,54,16781,140038
cotton,34,45,52,9071,14429
cotton,34,55,62,239,1033
cotton,35,50,59,763,267
cotton,25,55,55,1196,1051
cotton,36,35,45,13,3
cotton,37,40,46,4555,8092
cotton,36,41,50,512,1011
cotton,37,42,55,50,48
cotton,36,40,54,59,29
cotton,34,45,52,503,167
cotton,34,55,62,1423,1379
cotton,35,50,59,2,15
cotton,25,55,55,533,80
cotton,36,35,45,107,27
cotton,37,40,46,132,1578
cotton,36,41,50,560,483
cotton,37,42,55,194809,551115
cotton,36,40,54,1498,73
cotton,34,45,52,1127,429
cotton,34,55,62,210,215
cotton,35,50,59,3961,206
cotton,25,55,55,597,993
cotton,36,35,45,31,41
cotton,37,40,46,526,920
cotton,36,41,50,709,262
cotton,37,42,55,15,12
cotton,36,40,54,5975,41407
cotton,34,45,52,49079,10159
cotton,34,55,62,140,1763
cotton,35,50,59,2258,2802
cotton,25,55,55,39,51
cotton,36,35,45,106427,491906
cotton,37,40,46,1108,201
cotton,36,41,50,54441,3811
cotton,37,42,55,7,10
cotton,36,40,54,7949,116270
cotton,34,45,52,285,1436
cotton,34,55,62,717,13947
cotton,35,50,59,44,0
cotton,25,55,55,1889,21378
cotton,36,35,45,116,0
cotton,37,40,46,34227,975
jute,36,41,50,852,3785
jute,37,42,55,49479,685943720
jute,36,40,54,30,17
jute,34,45,52,35,0
jute,34,55,62,18957,92583
jute,35,50,59,975,17315
jute,25,55,55,224,962
jute,36,35,45,3142,0
jute,37,40,46,11,1435
jute,36,41,50,391,5887
jute,37,42,55,15425,1269570
jute,36,40,54,75,810
jute,34,45,52,12264,74651
jute,34,55,62,4577,12632
jute,35,50,59,681,4557
jute,25,55,55,265,1421
jute,36,35,45,1274,539
jute,37,40,46,2698,2301
jute,36,41,50,8969,26696
jute,37,42,55,1070,4714
jute,36,40,54,125,120
jute,34,45,52,786,2325
jute,34,55,62,517,562
jute,35,50,59,2116,3631
jute,25,55,55,2,16
jute,36,35,45,4073,2216
jute,37,40,46,216,63
jute,36,41,50,279,4070
jute,37,42,55,4,2
jute,36,40,54,506,683
jute,34,45,52,234673,762453
jute,34,55,62,887,246
jute,35,50,59,1095,183
jute,25,55,55,1504,877
jute,36,35,45,413,459
jute,37,40,46,2134,1315
jute,36,41,50,1029,2172
jute,37,42,55,5,9
jute,36,40,54,580,977
jute,34,45,52,1153,624
jute,34,55,62,6392,35795
jute,35,50,59,67539,19654
jute,25,55,55,24,264
jute,36,35,45,2070,
jute,37,40,46,59,106
jute,36,41,50,165321,869092
jute,37,42,55,1910,393
jute,36,40,54,51066,17975
jute,34,45,52,6,4
jute,34,55,62,9547,67488
jute,35,50,59,255,1745
jute,25,55,55,1060,11486
jute,36,35,45,116,0
jute,37,40,46,2783,66647
jute,36,41,50,99,0
jute,37,42,55,34019,3304
jute,36,40,54,896,4738
jute,34,45,52,48854,683171460
jute,34,55,62,51,39
jute,35,50,59,32,0
jute,25,55,55,19181,47363
jute,36,35,45,1015,15401
jute,37,40,46,257,1106
jute,36,41,50,3205,0
jute,37,42,55,31,2815
jute,36,40,54,361,4373
jute,34,45,52,16285,1397774
jute,34,55,62,53,383
jute,35,50,59,18768,117826
jute,25,55,55,6672,20151
jute,36,35,45,738,7088
jute,37,40,46,222,1370
jute,36,41,50,863,571
jute,37,42,55,1840,1404
jute,36,40,54,16022,45616
jute,34,45,52,599,2479
jute,34,55,62,60,58
jute,35,50,59,10,4
jute,25,55,55,538,288
jute,36,35,45,1881,5556
jute,37,40,46,2,17
jute,36,41,50,62,23
jute,37,42,55,98,26
jute,36,40,54,129,2189
jute,34,45,52,382,378
jute,34,55,62,224521,743614
jute,35,50,59,1227,117
jute,25,55,55,1190,529
jute,36,35,45,305,268
jute,37,40,46,421,203
jute,36,41,50,613,1582
jute,37,42,55,9,14
jute,36,40,54,434,897
jute,34,45,52,1032,418
jute,34,55,62,1,2
jute,35,50,59,6094,41080
jute,25,55,55,62091,16144
jute,36,35,45,79,1384
jute,37,40,46,456,124
jute,36,41,50,35,58
coffee,37,42,55,162903,766296
coffee,36,40,54,1319,311
coffee,34,45,52,291,260
coffee,34,55,62,44482,11165
coffee,35,50,59,10324,96684
coffee,25,55,55,33657,2902
coffee,36,35,45,49381,674125653
coffee,37,40,46,22,14
coffee,36,41,50,15965,1356801
coffee,37,42,55,60,549
coffee,36,40,54,19300,142087
coffee,34,45,52,4881,6777
coffee,34,55,62,416,3363
coffee,35,50,59,1008,611
coffee,25,55,55,1500,1037
coffee,36,35,45,62,22
coffee,37,40,46,13939,10167
coffee,36,41,50,786,3296
coffee,37,42,55,85,95
coffee,36,40,54,87,34
coffee,34,45,52,558,310
coffee,34,55,62,1763,6308
coffee,35,50,59,6,55
coffee,25,55,55,199,138
coffee,36,35,45,109,42
coffee,37,40,46,296,5550
coffee,36,41,50,379,344
coffee,37,42,55,217411,348727
coffee,36,40,54,1275,214
coffee,34,45,52,1194,654
coffee,34,55,62,156,86
coffee,35,50,59,1442,496
coffee,25,55,55,9,6
coffee,36,35,45,470,1024
coffee,37,40,46,13,25
coffee,36,41,50,546,1289
coffee,37,42,55,827,298
coffee,36,40,54,63,184
coffee,34,45,52,7838,59349
coffee,34,55,62,64154,14627
coffee,35,50,59,74,1465
coffee,25,55,55,453,260
coffee,36,35,45,56,106
coffee,37,40,46,170012,800927
coffee,36,41,50,1086,249
coffee,37,42,55,44862,8210
coffee,36,40,54,6,5
coffee,34,45,52,15432,215971
coffee,34,55,62,33257,5280
coffee,35,50,59,49692,369060890
coffee,25,55,55,15,11
coffee,36,35,45,7,19
coffee,37,40,46,18422,1465857
coffee,36,41,50,573,622
coffee,37,42,55,53,514
coffee,36,40,54,14660,122382
coffee,34,45,52,7970,14449
coffee,34,55,62,410,2571
coffee,35,50,59,917,441
coffee,25,55,55,1516,713
coffee,36,35,45,9034,19397
coffee,37,40,46,978,4401
coffee,36,41,50,122,118
coffee,37,42,55,94,41
coffee,36,40,54,640,476
coffee,34,45,52,1735,4757
coffee,34,55,62,2,18
coffee,35,50,59,273,106
coffee,25,55,55,70,25
coffee,36,35,45,457,7663
coffee,37,40,46,358,330
coffee,36,41,50,227930,547716
coffee,37,42,55,1226,314
coffee,36,40,54,1224,639
coffee,34,45,52,174,177
coffee,34,55,62,1034,396
coffee,35,50,59,24,11
coffee,25,55,55,645,1927
coffee,36,35,45,170,324
coffee,37,40,46,407,963
coffee,36,41,50,924,468
coffee,37,42,55,15,32
coffee,36,40,54,6191,61867
coffee,34,45,52,62538,16447
coffee,34,55,62,85,1014
coffee,35,50,59,414,197
coffee,25,55,55,32,56
coffee,36,35,45,168963,845829
coffee,37,40,46,1309,259
coffee,36,41,50,48368,12624
coffee,37,42,55,19,13
coffee,36,40,54,16772,295690
coffee,34,45,52,31774,7660
coffee,34,55,62,49592,613037376
coffee,35,50,59,38,21
coffee,25,55,55,7,20
coffee,36,35,45,18911,1683779
coffee,37,40,46,348,268
coffee,36,41,50,48,517
coffee,37,42,55,19176,205260
